ProductCategory,Interactions,Purchases,ConversionRate
Clothing,133453,615725,4.613796617535762
Furniture,133800,611578,4.570837070254111
Electronics,133442,616719,4.621625874911947
Sports,133016,618844,4.652402718469959
Books,133229,615691,4.6212986662063065
